id,first_name,last_name,email,gender,ip_address
1,Ora,Kemshell,okemshell0@opensource.org,Female,162.33.10.33
2,Leigh,Coughlin,lcoughlin1@bluehost.com,Female,102.34.210.206
3,Mathew,Hammerich,mhammerich2@noaa.gov,Male,50.130.30.55
4,Tamma,Demcak,tdemcak3@a8.net,Female,147.235.161.193
5,Udale,Mitroshinov,umitroshinov4@umn.edu,Male,187.175.238.202
6,Monika,Cloutt,mcloutt5@yahoo.co.jp,Female,186.24.247.151
7,Isadora,Crich,icrich6@time.com,Female,209.140.234.14
8,Modestine,Assad,massad7@pinterest.com,Female,208.8.101.112
9,Marshal,Kellar,mkellar8@tinyurl.com,Male,127.78.179.102
10,Nerta,Cheeseman,ncheeseman9@state.gov,Female,197.40.173.194
11,Roch,Baverstock,rbaverstocka@delicious.com,Female,219.27.155.133
12,Granger,Londsdale,glondsdaleb@canalblog.com,Male,41.157.121.161
13,Oralee,Warricker,owarrickerc@amazon.co.uk,Female,42.130.162.37
14,Cathlene,Filshin,cfilshind@g.co,Female,114.133.137.12
15,Ranice,Carmichael,rcarmichaele@so-net.ne.jp,Female,215.176.192.80
16,Nollie,Fearnley,nfearnleyf@nymag.com,Male,77.71.129.18
17,Bern,Simms,bsimmsg@paginegialle.it,Male,106.125.88.169
18,Dwayne,Faull,dfaullh@answers.com,Male,197.97.11.217
19,Enid,Spirritt,espirritti@jiathis.com,Female,229.80.241.193
20,Kirsten,Van den Hof,kvandenhofj@360.cn,Female,138.37.62.244
21,Inga,Stenning,istenningk@etsy.com,Female,181.169.171.74
22,Ansell,MacDiarmid,amacdiarmidl@blog.com,Male,250.82.172.83
23,Quintilla,Tarbatt,qtarbattm@jiathis.com,Female,155.175.27.230
24,Giacobo,Poundford,gpoundfordn@bbb.org,Male,58.22.82.178
25,Obadiah,Kristof,okristofo@blogs.com,Male,76.161.170.169
26,Starla,Roll,srollp@washington.edu,Female,175.81.20.187
27,Boony,Lalonde,blalondeq@wikia.com,Male,23.14.178.26
28,Marten,Rottery,mrotteryr@cocolog-nifty.com,Male,1.227.66.65
29,Adorne,Southouse,asouthouses@weather.com,Female,93.10.109.47
30,Nikolas,Dumblton,ndumbltont@intel.com,Male,45.0.35.164
31,Raff,Bucknall,rbucknallu@ucoz.com,Male,99.254.181.48
32,Skipp,Abels,sabelsv@elegantthemes.com,Male,251.79.229.41
33,Ilario,Alf,ialfw@nih.gov,Male,41.132.158.235
34,Grady,Moral,gmoralx@feedburner.com,Male,193.53.170.225
35,Reinhold,Skipper,rskippery@mtv.com,Male,119.96.158.147
36,Shelby,Gane,sganez@mozilla.com,Female,253.98.237.34
37,Robb,Grimwood,rgrimwood10@amazon.co.jp,Male,85.188.22.48
38,Wini,Coast,wcoast11@livejournal.com,Female,47.22.212.146
39,Louisa,Stanyard,lstanyard12@vkontakte.ru,Female,254.59.114.159
40,Tymothy,Jacobbe,tjacobbe13@virginia.edu,Male,47.159.147.193
41,Orelie,Orring,oorring14@pbs.org,Female,21.0.193.89
42,Hastings,Galea,hgalea15@pbs.org,Male,227.72.124.250
43,Aleda,Cristofor,acristofor16@sitemeter.com,Female,187.62.153.202
44,Micah,Maypowder,mmaypowder17@yandex.ru,Male,157.224.169.238
45,Jordan,Meo,jmeo18@so-net.ne.jp,Female,224.49.70.214
46,Cob,Dickey,cdickey19@dailymotion.com,Male,217.244.251.46
47,Clementina,Lawly,clawly1a@dropbox.com,Female,86.82.133.12
48,Fleming,Madle,fmadle1b@yandex.ru,Male,215.237.19.30
49,Tad,Waber,twaber1c@de.vu,Male,158.123.219.244
50,Barry,de Leon,bdeleon1d@craigslist.org,Female,47.178.39.201
51,Bettye,Labadini,blabadini1e@merriam-webster.com,Female,192.24.118.96
52,Chloette,Elmore,celmore1f@tinypic.com,Female,187.216.171.125
53,Cad,O'Cannon,cocannon1g@nasa.gov,Male,39.220.26.134
54,Con,Dunridge,cdunridge1h@tmall.com,Female,223.195.67.178
55,Ingra,Bradder,ibradder1i@netvibes.com,Male,243.125.145.166
56,Duff,Zuppa,dzuppa1j@oracle.com,Male,158.185.226.23
57,Shelly,Girvin,sgirvin1k@symantec.com,Female,103.24.193.111
58,Angelico,Tranckle,atranckle1l@census.gov,Male,167.90.56.121
59,Nedda,Palatini,npalatini1m@mysql.com,Female,15.22.251.134
60,Drake,Gabbitas,dgabbitas1n@china.com.cn,Male,202.231.139.161
61,Claudell,Petrello,cpetrello1o@tuttocitta.it,Male,124.42.239.115
62,Sephira,Suggey,ssuggey1p@is.gd,Female,186.191.242.150
63,Ailis,Huckell,ahuckell1q@taobao.com,Female,124.98.174.221
64,Nonna,Lacotte,nlacotte1r@mtv.com,Female,6.12.45.143
65,Gaspard,Zuan,gzuan1s@blogspot.com,Male,172.112.116.144
66,Benjy,Raymont,braymont1t@chicagotribune.com,Male,151.240.13.158
67,Diarmid,Augustin,daugustin1u@cnbc.com,Male,54.240.235.165
68,Seward,Kincla,skincla1v@stanford.edu,Male,169.209.112.55
69,Gayle,Lippatt,glippatt1w@slideshare.net,Male,247.90.82.194
70,Waldemar,Brosenius,wbrosenius1x@bbb.org,Male,151.159.22.218
71,Marjory,Tafani,mtafani1y@mail.ru,Female,211.171.254.237
72,Frants,Waslin,fwaslin1z@pbs.org,Male,109.171.26.89
73,Nils,McRae,nmcrae20@domainmarket.com,Male,216.57.93.185
74,Ludovika,Shorto,lshorto21@prlog.org,Female,204.180.134.96
75,Rice,Orys,rorys22@cbslocal.com,Male,249.200.253.2
76,Claiborn,Paradine,cparadine23@goodreads.com,Male,92.2.134.254
77,Bianka,Vannini,bvannini24@nydailynews.com,Female,128.226.161.199
78,Cordy,Abbotson,cabbotson25@nytimes.com,Male,193.58.212.127
79,Jessamyn,Tommasi,jtommasi26@wikimedia.org,Female,203.159.122.4
80,Meara,Thiem,mthiem27@kickstarter.com,Female,243.251.188.66
81,Sharyl,Boggas,sboggas28@friendfeed.com,Female,187.202.233.87
82,Riobard,Yurikov,ryurikov29@aboutads.info,Male,85.206.215.152
83,Eugenio,Cliffe,ecliffe2a@soup.io,Male,171.171.116.148
84,Giulia,Meale,gmeale2b@gmpg.org,Female,62.116.213.5
85,Shae,Keoghan,skeoghan2c@nymag.com,Male,69.21.190.115
86,Jewelle,Croucher,jcroucher2d@umich.edu,Female,184.235.188.191
87,Jacynth,Dwyr,jdwyr2e@sakura.ne.jp,Female,19.221.202.173
88,Valeria,Cejka,vcejka2f@kickstarter.com,Female,139.122.64.52
89,Rodrique,Jobke,rjobke2g@php.net,Male,215.168.96.204
90,Georgetta,Russen,grussen2h@globo.com,Female,87.1.139.91
91,Damien,Dullaghan,ddullaghan2i@privacy.gov.au,Male,184.20.121.173
92,Peria,Ech,pech2j@seattletimes.com,Female,120.230.126.189
93,Burton,Duggen,bduggen2k@umn.edu,Male,180.124.240.127
94,Gabi,Marikhin,gmarikhin2l@forbes.com,Male,158.32.0.243
95,Rab,Trewhitt,rtrewhitt2m@behance.net,Male,74.83.198.159
96,Colene,Ronchetti,cronchetti2n@goo.gl,Female,131.52.104.25
97,Norene,Cominetti,ncominetti2o@arstechnica.com,Female,245.209.172.20
98,Gerianna,Ruthen,gruthen2p@liveinternet.ru,Female,172.223.91.221
99,Helaina,Preon,hpreon2q@admin.ch,Female,178.220.10.181
100,Kalinda,Bechley,kbechley2r@bing.com,Female,30.203.204.189
101,Tally,Crummay,tcrummay2s@cnn.com,Female,33.103.151.197
102,Dore,McLarty,dmclarty2t@cbsnews.com,Male,65.238.108.42
103,Rooney,Hardaker,rhardaker2u@stumbleupon.com,Male,170.215.116.186
104,Miller,Fowlestone,mfowlestone2v@wsj.com,Male,144.63.164.37
105,Martica,Blaschke,mblaschke2w@bing.com,Female,47.225.217.84
106,Julita,Cervantes,jcervantes2x@nps.gov,Female,86.162.244.119
107,Susi,Hellicar,shellicar2y@bravesites.com,Female,1.72.119.39
108,Maddie,Veschambre,mveschambre2z@nasa.gov,Female,127.195.196.184
109,Lucio,Ingre,lingre30@imageshack.us,Male,19.58.252.231
110,Tomlin,Carnell,tcarnell31@imdb.com,Male,79.53.246.211
111,Halli,Errigo,herrigo32@soundcloud.com,Female,184.116.95.133
112,Imojean,Panting,ipanting33@163.com,Female,107.242.184.116
113,Kinnie,Chappell,kchappell34@alibaba.com,Male,15.91.51.15
114,Cad,Zecchini,czecchini35@chronoengine.com,Male,126.66.198.241
115,Danice,Hollingsbee,dhollingsbee36@wsj.com,Female,228.239.227.203
116,Trumann,Hagergham,thagergham37@java.com,Male,113.198.51.166
117,Ervin,Cissell,ecissell38@csmonitor.com,Male,157.6.145.247
118,Evonne,Ricciardiello,ericciardiello39@about.com,Female,124.143.166.141
119,Collin,Cleal,ccleal3a@harvard.edu,Male,26.58.20.188
120,Kata,Brawley,kbrawley3b@scientificamerican.com,Female,236.61.172.127
121,Sascha,Purtell,spurtell3c@cam.ac.uk,Female,153.231.126.7
122,Granthem,Solano,gsolano3d@ed.gov,Male,243.55.101.195
123,Shurwood,Mougel,smougel3e@comsenz.com,Male,59.232.169.63
124,Bernice,Durgan,bdurgan3f@mlb.com,Female,55.167.68.176
125,Lonnie,Cuphus,lcuphus3g@spiegel.de,Male,50.217.55.73
126,Robb,Basilotta,rbasilotta3h@google.com,Male,55.153.190.30
127,Konstantine,Quigg,kquigg3i@auda.org.au,Male,112.131.121.77
128,Kirby,Rotham,krotham3j@statcounter.com,Female,192.244.255.47
129,Portie,Petre,ppetre3k@bloomberg.com,Male,95.8.12.239
130,Lethia,Warboy,lwarboy3l@reverbnation.com,Female,12.223.68.84
131,Mair,Gidman,mgidman3m@jiathis.com,Female,211.98.194.183
132,Renard,Standell,rstandell3n@icio.us,Male,9.146.243.99
133,Angele,Gionettitti,agionettitti3o@ox.ac.uk,Female,162.43.150.144
134,Thayne,Hitzmann,thitzmann3p@mayoclinic.com,Male,43.105.32.250
135,Yalonda,Zavattiero,yzavattiero3q@slashdot.org,Female,84.124.174.247
136,Halli,Papierz,hpapierz3r@intel.com,Female,191.162.145.189
137,Roldan,Thrussell,rthrussell3s@geocities.com,Male,99.173.179.93
138,Rhodie,Abramsky,rabramsky3t@state.tx.us,Female,58.41.156.131
139,Nancee,D'Ugo,ndugo3u@baidu.com,Female,58.152.187.172
140,Leonidas,Rigden,lrigden3v@princeton.edu,Male,234.40.237.122
141,Noellyn,Smitton,nsmitton3w@fastcompany.com,Female,192.195.8.7
142,Katee,Reihill,kreihill3x@people.com.cn,Female,169.216.147.206
143,Niel,Staite,nstaite3y@symantec.com,Male,165.131.138.96
144,Whitney,Sizey,wsizey3z@furl.net,Male,164.27.40.187
145,Caspar,Bjerkan,cbjerkan40@latimes.com,Male,245.186.103.218
146,Andy,Billinge,abillinge41@dion.ne.jp,Female,116.171.102.193
147,Cletus,Younglove,cyounglove42@joomla.org,Male,169.129.85.83
148,Skippie,Rosenthaler,srosenthaler43@pen.io,Male,94.4.83.74
149,Valentine,Stavers,vstavers44@nytimes.com,Male,184.172.197.105
150,Blinnie,Stockman,bstockman45@networkadvertising.org,Female,67.34.180.49
151,Sashenka,Tripet,stripet46@mapquest.com,Female,138.163.156.10
152,Kristal,Downey,kdowney47@patch.com,Female,41.25.184.138
153,Jimmy,Copelli,jcopelli48@slashdot.org,Male,229.176.1.217
154,Ilka,Petrelli,ipetrelli49@desdev.cn,Female,34.39.161.155
155,Noel,Cumes,ncumes4a@bbb.org,Female,222.192.15.123
156,Sybilla,Barhims,sbarhims4b@squarespace.com,Female,214.118.25.222
157,Vyky,Havard,vhavard4c@google.it,Female,201.172.110.158
158,Pebrook,Tolumello,ptolumello4d@wired.com,Male,126.112.40.65
159,Torrence,Fortman,tfortman4e@dailymail.co.uk,Male,248.176.3.37
160,Margaux,Curtin,mcurtin4f@is.gd,Female,3.17.104.5
161,Lincoln,Bamber,lbamber4g@barnesandnoble.com,Male,10.118.73.237
162,Pierre,Setford,psetford4h@japanpost.jp,Male,197.141.90.172
163,Todd,Bradburne,tbradburne4i@twitter.com,Male,41.139.104.29
164,Alonzo,Breyt,abreyt4j@usatoday.com,Male,41.19.113.200
165,Mina,Amies,mamies4k@mysql.com,Female,60.144.13.129
166,Kippar,Penvarden,kpenvarden4l@flavors.me,Male,58.88.255.165
167,Janis,Tugman,jtugman4m@theatlantic.com,Female,208.171.239.163
168,Petrina,Concannon,pconcannon4n@gizmodo.com,Female,244.78.187.5
169,Ranice,Preon,rpreon4o@umn.edu,Female,46.33.215.179
170,Doti,Emer,demer4p@webeden.co.uk,Female,194.216.163.81
171,Helge,Ewers,hewers4q@comsenz.com,Female,66.174.65.174
172,Moise,Lude,mlude4r@wordpress.com,Male,141.36.11.169
173,Drake,Exer,dexer4s@fastcompany.com,Male,112.242.145.25
174,Bill,Ribchester,bribchester4t@europa.eu,Male,128.51.191.180
175,Alberik,Handrik,ahandrik4u@salon.com,Male,171.254.195.230
176,Brinna,Gruczka,bgruczka4v@webmd.com,Female,226.68.52.89
177,Becki,Tucknutt,btucknutt4w@symantec.com,Female,155.227.205.187
178,Heath,Mattingly,hmattingly4x@deviantart.com,Male,254.222.36.224
179,Falito,Lorrain,florrain4y@behance.net,Male,192.182.222.205
180,Vivianne,Faircliff,vfaircliff4z@walmart.com,Female,166.176.15.165
181,Quinn,Robilliard,qrobilliard50@bloglovin.com,Female,67.144.43.96
182,Uriah,Balfour,ubalfour51@unesco.org,Male,102.185.189.36
183,Currey,Brauns,cbrauns52@quantcast.com,Male,127.2.242.14
184,Hall,Eglinton,heglinton53@addtoany.com,Male,65.116.159.9
185,Wallie,Wheatland,wwheatland54@nytimes.com,Female,109.171.180.6
186,Desiree,Symers,dsymers55@statcounter.com,Female,232.96.44.81
187,Kari,Giannotti,kgiannotti56@de.vu,Female,244.246.102.114
188,Donall,Cowgill,dcowgill57@yellowpages.com,Male,98.37.140.146
189,Linea,McAnalley,lmcanalley58@biglobe.ne.jp,Female,95.96.187.1
190,Karleen,Warby,kwarby59@mlb.com,Female,148.216.139.148
191,Lurline,Lissimore,llissimore5a@sohu.com,Female,240.193.156.246
192,Maximilianus,Simoneton,msimoneton5b@twitpic.com,Male,168.123.142.201
193,Breena,Vosper,bvosper5c@marketwatch.com,Female,221.143.119.111
194,Devlen,Deeman,ddeeman5d@blogs.com,Male,210.79.215.186
195,Dalis,O'Hoey,dohoey5e@cisco.com,Male,227.41.60.146
196,Perceval,Olechnowicz,polechnowicz5f@nbcnews.com,Male,84.70.140.169
197,Hartley,Extil,hextil5g@google.es,Male,47.179.154.138
198,Krissy,Cavee,kcavee5h@youtube.com,Female,10.183.228.4
199,Franciskus,Anmore,fanmore5i@soundcloud.com,Male,166.71.2.129
200,Alfy,Clitherow,aclitherow5j@unblog.fr,Male,70.26.177.11
201,Humfried,Staziker,hstaziker5k@dion.ne.jp,Male,62.98.46.126
202,Pinchas,Borrell,pborrell5l@opensource.org,Male,118.0.178.59
203,Kleon,Hudd,khudd5m@cbslocal.com,Male,97.239.120.170
204,Dukie,MacCaughan,dmaccaughan5n@4shared.com,Male,131.239.38.15
205,Bron,Tidridge,btidridge5o@netlog.com,Male,73.104.0.135
206,Dorolice,Haselhurst,dhaselhurst5p@netlog.com,Female,115.218.36.238
207,Mehetabel,Puttick,mputtick5q@hc360.com,Female,55.179.245.6
208,Issi,Mullis,imullis5r@auda.org.au,Female,105.104.113.68
209,Alfie,Wingate,awingate5s@163.com,Female,238.220.150.24
210,Reinhard,Bassom,rbassom5t@cloudflare.com,Male,83.141.175.184
211,Corliss,Bagnell,cbagnell5u@gnu.org,Female,83.110.132.205
212,Doti,Lundberg,dlundberg5v@live.com,Female,201.168.185.38
213,Karalynn,Mishaw,kmishaw5w@timesonline.co.uk,Female,28.69.110.3
214,Brittan,Prettejohns,bprettejohns5x@seesaa.net,Female,32.137.6.37
215,Michele,Standing,mstanding5y@reference.com,Male,205.150.82.83
216,Caitlin,Leads,cleads5z@yandex.ru,Female,47.226.70.39
217,Koralle,Gaule,kgaule60@deviantart.com,Female,105.43.92.129
218,Eloise,Slocombe,eslocombe61@people.com.cn,Female,177.94.207.125
219,Stacia,Cockhill,scockhill62@tinypic.com,Female,92.28.173.199
220,Edwina,Fancett,efancett63@mediafire.com,Female,48.235.87.236
221,Ludvig,Brunsden,lbrunsden64@cnn.com,Male,84.126.9.154
222,Thaine,Annion,tannion65@fema.gov,Male,40.170.186.58
223,Magdalen,Ponton,mponton66@marketwatch.com,Female,167.6.8.170
224,Dillie,Praten,dpraten67@netscape.com,Male,208.228.28.182
225,Shoshana,Clark,sclark68@weibo.com,Female,229.241.18.195
226,Padriac,McClure,pmcclure69@quantcast.com,Male,162.19.166.183
227,Vin,Treadgold,vtreadgold6a@dell.com,Female,79.227.11.209
228,Lacie,Cashen,lcashen6b@xinhuanet.com,Female,247.169.114.99
229,Ivar,Fenning,ifenning6c@twitpic.com,Male,115.137.130.229
230,Nicol,Grinsdale,ngrinsdale6d@latimes.com,Female,179.171.11.193
231,Colline,Geaney,cgeaney6e@macromedia.com,Female,199.90.4.222
232,Lynnelle,Cassels,lcassels6f@squidoo.com,Female,178.175.102.136
233,Pauli,Liddard,pliddard6g@nasa.gov,Female,211.23.255.49
234,Gram,Cowterd,gcowterd6h@mediafire.com,Male,189.182.151.23
235,Melisenda,Bailles,mbailles6i@timesonline.co.uk,Female,58.73.76.177
236,Cairistiona,Ciciura,cciciura6j@cloudflare.com,Female,55.42.65.105
237,Joshuah,Lattos,jlattos6k@ning.com,Male,202.85.123.220
238,Ferd,Dorran,fdorran6l@nationalgeographic.com,Male,79.161.90.182
239,Westbrooke,Marwick,wmarwick6m@pagesperso-orange.fr,Male,88.183.223.161
240,Charlene,Cullingworth,ccullingworth6n@pinterest.com,Female,59.245.248.82
241,Midge,Oldknow,moldknow6o@indiegogo.com,Female,171.76.2.216
242,Fritz,Eilhersen,feilhersen6p@bigcartel.com,Male,159.133.59.169
243,Abigale,Pretsel,apretsel6q@lulu.com,Female,158.143.14.57
244,Monroe,Darbey,mdarbey6r@purevolume.com,Male,244.242.147.221
245,Desiree,Gian,dgian6s@myspace.com,Female,217.208.112.221
246,Felix,Biffin,fbiffin6t@zimbio.com,Male,214.200.179.104
247,Diane-marie,Ambrogioni,dambrogioni6u@wikimedia.org,Female,93.151.182.14
248,Eveleen,Bachellier,ebachellier6v@histats.com,Female,70.239.146.60
249,Cleavland,Search,csearch6w@wsj.com,Male,185.135.194.181
250,Kayne,Holah,kholah6x@omniture.com,Male,137.195.122.41
251,Ragnar,Flatley,rflatley6y@hexun.com,Male,59.227.253.186
252,Dehlia,Crippill,dcrippill6z@ucla.edu,Female,97.94.224.23
253,Sherrie,Wainwright,swainwright70@gmpg.org,Female,186.87.247.54
254,Norry,Pabelik,npabelik71@hostgator.com,Male,221.201.120.127
255,Karoly,Siemandl,ksiemandl72@vkontakte.ru,Male,170.5.42.121
256,Myles,MacCaull,mmaccaull73@wordpress.com,Male,11.17.113.79
257,Derick,Kuschke,dkuschke74@51.la,Male,224.248.176.80
258,Jeniffer,Rickarsey,jrickarsey75@vimeo.com,Female,79.137.98.47
259,Portia,Maylin,pmaylin76@digg.com,Female,218.229.87.12
260,Ambrosi,Laydel,alaydel77@ucla.edu,Male,14.172.111.200
261,Zaccaria,Dmych,zdmych78@reddit.com,Male,202.12.85.52
262,Mavis,Webb-Bowen,mwebbbowen79@dmoz.org,Female,5.172.121.12
263,James,Crayke,jcrayke7a@yellowbook.com,Male,39.231.168.92
264,Benni,Lyddiard,blyddiard7b@foxnews.com,Female,30.146.35.207
265,Tanitansy,Liven,tliven7c@ted.com,Female,141.16.21.29
266,Nichole,Downey,ndowney7d@issuu.com,Male,101.227.40.53
267,Emmott,Bucky,ebucky7e@apple.com,Male,78.186.96.160
268,Ashley,Rhoddie,arhoddie7f@msn.com,Male,125.116.180.116
269,Byrann,Feare,bfeare7g@whitehouse.gov,Male,124.105.183.194
270,Hestia,Midghall,hmidghall7h@php.net,Female,187.192.141.172
271,Gannon,Grangier,ggrangier7i@sourceforge.net,Male,114.238.227.123
272,Damiano,Penhallurick,dpenhallurick7j@zimbio.com,Male,56.183.237.13
273,Eleanore,Stockoe,estockoe7k@redcross.org,Female,100.158.82.9
274,Hally,Lenox,hlenox7l@123-reg.co.uk,Female,250.4.163.202
275,Stephani,Leggatt,sleggatt7m@paginegialle.it,Female,216.72.82.225
276,Reed,Clare,rclare7n@oracle.com,Male,249.33.160.118
277,Bjorn,Backshill,bbackshill7o@addthis.com,Male,229.217.161.25
278,Rodger,Prantoni,rprantoni7p@hhs.gov,Male,85.90.198.68
279,Boris,Cobby,bcobby7q@weather.com,Male,180.199.143.58
280,Adorne,Gribbin,agribbin7r@census.gov,Female,129.179.88.206
281,Hugibert,Serrels,hserrels7s@example.com,Male,73.9.53.173
282,Jocelyn,Jouannin,jjouannin7t@adobe.com,Female,40.30.24.136
283,Thorsten,O' Gara,togara7u@blog.com,Male,46.42.235.209
284,Doll,Hasard,dhasard7v@ask.com,Female,23.37.108.140
285,Corrine,Braams,cbraams7w@barnesandnoble.com,Female,9.114.133.17
286,Alfie,Chauvey,achauvey7x@discuz.net,Female,4.57.241.38
287,Lewiss,Rock,lrock7y@reuters.com,Male,113.173.96.133
288,Crystal,Teager,cteager7z@miitbeian.gov.cn,Female,172.23.18.250
289,Regan,Mourant,rmourant80@slashdot.org,Male,150.251.106.34
290,Erda,Piddlesden,epiddlesden81@chronoengine.com,Female,194.216.23.92
291,Rosene,Baum,rbaum82@theglobeandmail.com,Female,234.153.202.43
292,Fielding,Duffy,fduffy83@archive.org,Male,161.173.112.106
293,Sheelah,Skett,sskett84@bbc.co.uk,Female,182.12.220.35
294,Jamie,Rollett,jrollett85@blog.com,Male,121.90.142.233
295,Bunny,Ivasyushkin,bivasyushkin86@nsw.gov.au,Female,87.209.43.199
296,Noreen,O'Crotty,nocrotty87@twitpic.com,Female,16.246.51.83
297,Michal,Whitefoot,mwhitefoot88@reddit.com,Male,24.60.107.34
298,Georgy,Allsup,gallsup89@cbsnews.com,Male,120.20.141.250
299,Conway,Ding,cding8a@tinyurl.com,Male,223.150.81.107
300,Jethro,Kryzhov,jkryzhov8b@surveymonkey.com,Male,119.128.135.106
301,Trever,Furzer,tfurzer8c@example.com,Male,158.238.204.25
302,Jodi,Angless,jangless8d@examiner.com,Male,31.6.212.18
303,Marcel,Bownass,mbownass8e@omniture.com,Male,5.172.2.165
304,Ase,Malkie,amalkie8f@disqus.com,Male,49.251.4.32
305,Daven,Hartrick,dhartrick8g@toplist.cz,Male,166.89.139.65
306,Muhammad,Schimann,mschimann8h@topsy.com,Male,117.4.146.15
307,Britt,Dorie,bdorie8i@zimbio.com,Male,1.255.147.128
308,Tobe,Frowen,tfrowen8j@furl.net,Male,21.244.72.233
309,Gottfried,Tuke,gtuke8k@trellian.com,Male,186.240.170.81
310,Crosby,Scotting,cscotting8l@blogspot.com,Male,246.118.248.199
311,Evin,Volkers,evolkers8m@dedecms.com,Male,75.217.126.23
312,Corinne,Dreini,cdreini8n@constantcontact.com,Female,167.62.230.154
313,Jehu,Gurwood,jgurwood8o@netlog.com,Male,27.120.93.65
314,Berkley,Lorent,blorent8p@homestead.com,Male,115.19.252.15
315,Karel,Sogg,ksogg8q@yelp.com,Male,116.65.236.183
316,Bert,Di Lucia,bdilucia8r@mysql.com,Male,207.194.180.130
317,Christye,Wanne,cwanne8s@si.edu,Female,248.98.167.47
318,Franky,Stucke,fstucke8t@goo.ne.jp,Female,103.216.21.3
319,Kleon,Wingeatt,kwingeatt8u@mail.ru,Male,156.99.203.132
320,Tarrance,Pippard,tpippard8v@amazon.de,Male,154.143.238.217
321,Sindee,Whibley,swhibley8w@ted.com,Female,72.215.147.141
322,Aleta,Comley,acomley8x@yale.edu,Female,209.36.113.88
323,Gladys,Portress,gportress8y@php.net,Female,172.255.23.76
324,April,Rapsey,arapsey8z@state.gov,Female,253.92.61.110
325,Huntington,Skunes,hskunes90@twitpic.com,Male,3.27.48.59
326,Trevar,Trevett,ttrevett91@who.int,Male,112.35.87.210
327,Lock,Prandi,lprandi92@free.fr,Male,54.1.92.115
328,Sibeal,O'Looney,solooney93@oaic.gov.au,Female,42.103.60.13
329,Farrah,Poxon,fpoxon94@diigo.com,Female,120.151.174.50
330,Byrann,Cordingly,bcordingly95@naver.com,Male,60.41.49.164
331,Nancy,Karolovsky,nkarolovsky96@mozilla.com,Female,62.42.39.1
332,Mimi,Colomb,mcolomb97@altervista.org,Female,133.214.103.158
333,Shelba,Kolak,skolak98@usnews.com,Female,91.103.38.76
334,Tiebold,Belcham,tbelcham99@simplemachines.org,Male,206.6.241.198
335,Deane,Pulteneye,dpulteneye9a@merriam-webster.com,Male,191.32.87.85
336,Britt,Florey,bflorey9b@ihg.com,Male,18.151.178.205
337,Chandler,Mullany,cmullany9c@technorati.com,Male,180.252.58.200
338,Regina,McCaskill,rmccaskill9d@slashdot.org,Female,154.135.249.85
339,Herrick,Wolfenden,hwolfenden9e@surveymonkey.com,Male,46.76.53.140
340,Shamus,Corain,scorain9f@plala.or.jp,Male,200.47.17.24
341,Izabel,Puncher,ipuncher9g@rambler.ru,Female,5.231.37.95
342,Sterne,Gaskal,sgaskal9h@nyu.edu,Male,214.23.27.81
343,Bron,Filipputti,bfilipputti9i@upenn.edu,Male,243.139.88.129
344,Lefty,Leathlay,lleathlay9j@narod.ru,Male,181.101.67.115
345,Tommie,Mebes,tmebes9k@timesonline.co.uk,Male,15.19.131.34
346,Rodrigo,Meneux,rmeneux9l@nps.gov,Male,180.165.73.210
347,Brook,Cheer,bcheer9m@disqus.com,Male,72.154.178.147
348,Maisey,Chippindall,mchippindall9n@dmoz.org,Female,80.130.154.37
349,Dickie,Pibsworth,dpibsworth9o@vinaora.com,Male,171.102.46.234
350,Obadias,Musico,omusico9p@nationalgeographic.com,Male,93.227.69.18
351,Elvin,Thurston,ethurston9q@sohu.com,Male,67.170.108.119
352,Wandis,Wermerling,wwermerling9r@barnesandnoble.com,Female,228.170.51.244
353,Emmy,Rugieri,erugieri9s@plala.or.jp,Female,93.54.82.4
354,Bella,Dyneley,bdyneley9t@princeton.edu,Female,160.22.68.195
355,Kat,Antoshin,kantoshin9u@wikimedia.org,Female,34.57.12.127
356,Sergio,Torrie,storrie9v@go.com,Male,208.168.82.167
357,Terri-jo,Danick,tdanick9w@omniture.com,Female,113.206.2.108
358,Kipp,McCallister,kmccallister9x@craigslist.org,Male,216.104.68.187
359,Michail,Wardlaw,mwardlaw9y@squidoo.com,Male,41.98.182.195
360,Millicent,Popplewell,mpopplewell9z@gov.uk,Female,194.28.198.216
361,Sunny,Gantley,sgantleya0@auda.org.au,Male,135.0.114.57
362,Lindy,M'Quharg,lmquharga1@prlog.org,Female,93.50.68.102
363,Roderigo,Mandy,rmandya2@forbes.com,Male,77.14.63.50
364,Dene,Ratnege,dratnegea3@hugedomains.com,Male,27.209.165.160
365,Beverie,Cockburn,bcockburna4@desdev.cn,Female,66.81.243.14
366,Alden,Raybould,arayboulda5@bbc.co.uk,Male,130.41.182.139
367,Nelie,Wayland,nwaylanda6@baidu.com,Female,72.152.76.160
368,Niccolo,Roizin,nroizina7@gmpg.org,Male,105.32.147.65
369,Graeme,Apted,gapteda8@home.pl,Male,126.178.125.118
370,Luce,Ianinotti,lianinottia9@ca.gov,Male,98.214.239.120
371,Mair,Trethewey,mtretheweyaa@liveinternet.ru,Female,57.113.28.110
372,Trefor,Milburn,tmilburnab@arstechnica.com,Male,173.207.24.72
373,Brooke,Riche,bricheac@123-reg.co.uk,Female,149.44.170.46
374,Barbara-anne,Sink,bsinkad@deviantart.com,Female,210.64.226.171
375,Raff,Livoir,rlivoirae@sphinn.com,Male,4.136.38.116
376,Rosalyn,Krysztofiak,rkrysztofiakaf@elpais.com,Female,213.60.59.43
377,Dulcinea,De la Harpe,ddelaharpeag@elpais.com,Female,222.111.113.113
378,Rolando,Roskell,rroskellah@netvibes.com,Male,162.138.65.151
379,Francis,Aronstein,faronsteinai@mysql.com,Male,153.2.43.206
380,Brannon,Holworth,bholworthaj@wsj.com,Male,94.108.106.142
381,Burlie,Beckford,bbeckfordak@cdc.gov,Male,53.86.56.141
382,Janka,Chippin,jchippinal@google.nl,Female,210.225.212.196
383,Yvor,Venneur,yvenneuram@mapquest.com,Male,42.146.63.251
384,Royce,Alvin,ralvinan@oracle.com,Male,148.238.38.24
385,Elwood,Sowersby,esowersbyao@go.com,Male,247.194.223.121
386,Fair,Duchart,fduchartap@uol.com.br,Male,237.38.178.40
387,Janeczka,Doody,jdoodyaq@nba.com,Female,142.151.90.247
388,Shaughn,Clinning,sclinningar@gov.uk,Male,111.147.196.135
389,Willie,Gammons,wgammonsas@free.fr,Female,71.172.190.71
390,Jeff,Gammel,jgammelat@nsw.gov.au,Male,21.178.35.150
391,Quintina,Abramzon,qabramzonau@people.com.cn,Female,52.130.221.205
392,Aldin,Binion,abinionav@independent.co.uk,Male,4.230.17.191
393,Rosalia,McMylor,rmcmyloraw@deviantart.com,Female,110.103.145.187
394,Jenine,Cotgrove,jcotgroveax@mlb.com,Female,25.160.199.123
395,Ivory,Tebb,itebbay@addtoany.com,Female,90.167.68.115
396,Helli,Nestle,hnestleaz@weebly.com,Female,181.173.78.87
397,Somerset,Simone,ssimoneb0@goodreads.com,Male,175.29.249.212
398,Reggis,McLenaghan,rmclenaghanb1@walmart.com,Male,105.167.228.194
399,Vi,Temlett,vtemlettb2@buzzfeed.com,Female,228.45.101.134
400,Milka,Whittle,mwhittleb3@mapy.cz,Female,109.26.20.65
401,Karissa,McLelland,kmclellandb4@toplist.cz,Female,199.252.72.119
402,Charlie,Wethered,cwetheredb5@ucla.edu,Male,116.152.122.116
403,Syman,Need,sneedb6@addtoany.com,Male,75.243.129.65
404,Bellanca,Tomson,btomsonb7@csmonitor.com,Female,93.191.65.199
405,Deidre,Segeswoeth,dsegeswoethb8@adobe.com,Female,14.233.154.20
406,Hildegarde,Guerrero,hguerrerob9@exblog.jp,Female,121.139.85.150
407,Ram,Bigly,rbiglyba@toplist.cz,Male,73.232.1.40
408,Flemming,Menilove,fmenilovebb@bloglines.com,Male,0.28.239.181
409,Sky,Carlick,scarlickbc@ifeng.com,Male,180.212.206.235
410,Phip,Steinor,psteinorbd@ucsd.edu,Male,76.192.212.147
411,Lynnett,Cubbino,lcubbinobe@shinystat.com,Female,46.177.205.0
412,Witty,Kennford,wkennfordbf@skype.com,Male,72.67.233.145
413,Vanya,Hawkey,vhawkeybg@google.com,Male,128.204.248.121
414,Thane,Limbourne,tlimbournebh@mail.ru,Male,15.85.39.189
415,Keelby,Maddock,kmaddockbi@theatlantic.com,Male,112.255.164.89
416,Inglebert,Pilger,ipilgerbj@umich.edu,Male,154.197.40.83
417,Edithe,Tranckle,etrancklebk@ucoz.ru,Female,69.204.36.221
418,Osborne,Sunderland,osunderlandbl@geocities.com,Male,163.53.55.92
419,Gale,Rannells,grannellsbm@nbcnews.com,Male,246.90.211.124
420,Marcos,Earry,mearrybn@huffingtonpost.com,Male,187.6.91.76
421,Ameline,Dunbobbin,adunbobbinbo@arstechnica.com,Female,72.81.235.16
422,Darleen,Wiles,dwilesbp@macromedia.com,Female,118.86.115.251
423,Karole,Worms,kwormsbq@abc.net.au,Female,185.54.84.86
424,Zeke,Grogan,zgroganbr@msn.com,Male,7.218.68.67
425,Hynda,Oret,horetbs@scribd.com,Female,76.179.23.216
426,Wylie,Hawkswood,whawkswoodbt@noaa.gov,Male,65.148.210.197
427,Erroll,Drysdale,edrysdalebu@nationalgeographic.com,Male,202.180.34.236
428,Xylia,Harcus,xharcusbv@rambler.ru,Female,59.168.206.140
429,Beverlie,Pardey,bpardeybw@hugedomains.com,Female,149.67.211.255
430,Mei,MacCarter,mmaccarterbx@seattletimes.com,Female,142.215.163.173
431,Rees,Ondrus,rondrusby@bizjournals.com,Male,141.225.101.102
432,Maynard,Shuttle,mshuttlebz@usda.gov,Male,221.173.139.164
433,Amabel,Divis,adivisc0@hud.gov,Female,115.61.237.155
434,Nola,Dowsey,ndowseyc1@dailymail.co.uk,Female,161.76.91.111
435,Derwin,Havik,dhavikc2@aboutads.info,Male,185.136.94.189
436,Lyndsie,Becken,lbeckenc3@youtube.com,Female,113.227.153.255
437,Felice,Harverson,fharversonc4@alexa.com,Female,190.83.242.180
438,Farah,Nimmo,fnimmoc5@cdc.gov,Female,162.130.153.163
439,Aryn,Gueinn,agueinnc6@pen.io,Female,52.31.93.224
440,Connie,Hanning,channingc7@weibo.com,Female,209.208.26.14
441,Averil,Farndon,afarndonc8@ted.com,Female,60.150.33.7
442,Lucille,Langcastle,llangcastlec9@patch.com,Female,48.48.191.137
443,Jehu,Chiene,jchieneca@amazon.co.jp,Male,142.111.131.21
444,Leanna,Romain,lromaincb@army.mil,Female,123.107.121.137
445,Alyosha,Wollacott,awollacottcc@abc.net.au,Male,115.12.11.130
446,Ansley,Rathjen,arathjencd@skype.com,Female,129.50.142.34
447,Etienne,Wyant,ewyantce@marketwatch.com,Male,240.209.239.41
448,Patty,Grady,pgradycf@who.int,Male,172.91.10.49
449,Janella,Baskeyfied,jbaskeyfiedcg@go.com,Female,141.226.130.134
450,Catlaina,Vasilyonok,cvasilyonokch@rakuten.co.jp,Female,80.43.207.28
451,Walsh,Bethell,wbethellci@godaddy.com,Male,200.185.239.230
452,Violante,Escale,vescalecj@bandcamp.com,Female,86.106.4.82
453,Starr,Speachley,sspeachleyck@wunderground.com,Female,102.48.46.114
454,Harry,Cuttings,hcuttingscl@symantec.com,Male,58.180.183.59
455,Ambur,Piet,apietcm@ebay.com,Female,222.209.85.66
456,Durant,Sobtka,dsobtkacn@mysql.com,Male,185.86.110.201
457,Worden,Werrett,wwerrettco@weebly.com,Male,87.110.42.82
458,Nana,Chesnay,nchesnaycp@symantec.com,Female,202.133.121.65
459,Solomon,Polendine,spolendinecq@ustream.tv,Male,54.234.169.164
460,Amalea,Patullo,apatullocr@noaa.gov,Female,158.218.206.117
461,Demetria,Mainz,dmainzcs@xrea.com,Female,144.121.98.241
462,Marybelle,Daybell,mdaybellct@is.gd,Female,193.88.175.57
463,Mallory,Crannach,mcrannachcu@paypal.com,Female,29.120.246.32
464,Eamon,Seleway,eselewaycv@blogs.com,Male,29.15.236.148
465,Jae,Catcheside,jcatchesidecw@prnewswire.com,Male,33.11.136.168
466,Parsifal,Knevit,pknevitcx@wikipedia.org,Male,126.161.135.233
467,Eward,D'Adamo,edadamocy@amazon.com,Male,227.191.168.61
468,Giusto,Bloxham,gbloxhamcz@trellian.com,Male,57.165.192.139
469,Paxon,Eilhart,peilhartd0@apple.com,Male,40.27.149.151
470,Sauveur,Tabart,stabartd1@google.com,Male,105.110.126.199
471,Sumner,Northwood,snorthwoodd2@xinhuanet.com,Male,63.13.209.102
472,Hall,Cuer,hcuerd3@w3.org,Male,2.180.20.100
473,Lorri,Morhall,lmorhalld4@clickbank.net,Female,48.236.34.76
474,Norbert,Bonsale,nbonsaled5@newsvine.com,Male,147.188.96.126
475,Benedikt,Eaglesham,beagleshamd6@yolasite.com,Male,67.194.76.199
476,Hamish,Kornes,hkornesd7@phoca.cz,Male,133.182.21.69
477,Antonella,Pablo,apablod8@unblog.fr,Female,44.41.142.244
478,Jarrod,McKeaney,jmckeaneyd9@merriam-webster.com,Male,129.18.17.164
479,Adham,Kermon,akermonda@huffingtonpost.com,Male,49.177.170.206
480,Christean,Payle,cpayledb@bloglovin.com,Female,191.3.178.102
481,Lorrie,Moncreif,lmoncreifdc@weebly.com,Male,39.80.231.221
482,Geoff,Yude,gyudedd@google.cn,Male,76.174.234.224
483,Welbie,Faircloth,wfairclothde@spotify.com,Male,255.19.107.218
484,Donielle,Vaen,dvaendf@reference.com,Female,60.29.223.14
485,Huntington,Moen,hmoendg@istockphoto.com,Male,44.113.101.3
486,Mariann,Ondrousek,mondrousekdh@wsj.com,Female,103.29.22.95
487,Matelda,Matsell,mmatselldi@si.edu,Female,4.165.54.161
488,Nichole,Semple,nsempledj@slate.com,Female,23.178.95.11
489,Yevette,Bleakman,ybleakmandk@sakura.ne.jp,Female,73.119.209.25
490,Hobie,Drakard,hdrakarddl@list-manage.com,Male,183.245.226.239
491,Bent,Riley,brileydm@princeton.edu,Male,244.141.24.241
492,Townsend,Golsworthy,tgolsworthydn@about.me,Male,133.195.18.243
493,Celine,Screwton,cscrewtondo@ycombinator.com,Female,231.117.119.49
494,Willamina,Pavia,wpaviadp@blog.com,Female,154.128.83.109
495,Rudyard,Jowitt,rjowittdq@illinois.edu,Male,203.48.15.30
496,Terrell,Massie,tmassiedr@webnode.com,Male,116.50.30.95
497,Ashleigh,Roddan,aroddands@arizona.edu,Female,114.44.56.158
498,Erhard,Ratledge,eratledgedt@ucoz.com,Male,240.41.81.217
499,Miriam,Rebanks,mrebanksdu@soup.io,Female,114.80.179.78
500,Albert,Bacchus,abacchusdv@house.gov,Male,33.58.221.102
501,Jameson,Shemming,jshemmingdw@multiply.com,Male,159.88.231.214
502,Nevil,Hackworth,nhackworthdx@joomla.org,Male,83.110.33.93
503,Maximilian,McEvilly,mmcevillydy@admin.ch,Male,162.112.184.253
504,Frasquito,Ernshaw,fernshawdz@nasa.gov,Male,223.207.218.120
505,Pippo,Rusk,pruske0@google.co.jp,Male,239.137.2.126
506,Linoel,Oxborrow,loxborrowe1@adobe.com,Male,9.60.176.191
507,Rudolfo,MacCurtain,rmaccurtaine2@blinklist.com,Male,229.227.62.203
508,Paulo,Ellaway,pellawaye3@deviantart.com,Male,221.228.45.94
509,Ekaterina,Fere,eferee4@nasa.gov,Female,126.171.150.105
510,Yankee,Pittle,ypittlee5@chron.com,Male,229.59.63.175
511,Verne,Armistead,varmisteade6@rediff.com,Male,213.197.99.22
512,Lisetta,Patek,lpateke7@army.mil,Female,200.125.120.182
513,Raimund,Kears,rkearse8@buzzfeed.com,Male,251.23.50.122
514,Woodrow,Antoniou,wantonioue9@unc.edu,Male,6.150.79.7
515,Edouard,Heatley,eheatleyea@google.es,Male,209.96.170.151
516,Jana,Quainton,jquaintoneb@free.fr,Female,197.112.152.97
517,Aindrea,Ibbitson,aibbitsonec@multiply.com,Female,34.79.96.225
518,Aldis,Creak,acreaked@arizona.edu,Male,132.142.140.52
519,Eran,Augar,eaugaree@w3.org,Female,152.169.24.153
520,Birdie,Behnecken,bbehneckenef@who.int,Female,28.171.226.136
521,Jemie,Scaplehorn,jscaplehorneg@youku.com,Female,226.45.48.185
522,Alexandro,Haydock,ahaydockeh@boston.com,Male,185.142.238.214
523,Claretta,Hamsson,chamssonei@over-blog.com,Female,239.16.106.178
524,Portie,Irlam,pirlamej@miitbeian.gov.cn,Male,86.187.150.126
525,Olivero,Lohan,olohanek@stumbleupon.com,Male,67.107.190.12
526,Tomasina,Sunman,tsunmanel@vinaora.com,Female,165.95.249.95
527,Liliane,Fenimore,lfenimoreem@weibo.com,Female,105.134.121.13
528,Lotty,Warr,lwarren@fastcompany.com,Female,226.41.56.250
529,Rana,Jancar,rjancareo@slashdot.org,Female,154.136.22.220
530,Mireielle,Le Noire,mlenoireep@topsy.com,Female,113.252.102.150
531,Reider,Janney,rjanneyeq@wikia.com,Male,101.200.173.167
532,Wendell,Clayden,wclaydener@barnesandnoble.com,Male,26.90.138.147
533,Zollie,Thominga,zthomingaes@gmpg.org,Male,132.190.3.96
534,Yardley,Eyden,yeydenet@reference.com,Male,252.58.192.207
535,Riannon,Blay,rblayeu@nyu.edu,Female,40.178.254.19
536,Roarke,Hairsnape,rhairsnapeev@imgur.com,Male,154.243.57.66
537,Isador,Sutehall,isutehallew@godaddy.com,Male,106.254.133.237
538,Jewel,Denisot,jdenisotex@nih.gov,Female,243.11.41.190
539,Trix,Balderstone,tbalderstoneey@thetimes.co.uk,Female,91.254.61.153
540,Robin,Maine,rmaineez@who.int,Female,141.69.101.171
541,Sam,Defty,sdeftyf0@wunderground.com,Male,41.109.201.198
542,Harmony,Bardey,hbardeyf1@w3.org,Female,164.3.40.229
543,Gardner,Courtes,gcourtesf2@topsy.com,Male,30.9.183.208
544,Enid,Clarke-Williams,eclarkewilliamsf3@sakura.ne.jp,Female,62.228.238.189
545,Tudor,Gozney,tgozneyf4@stanford.edu,Male,237.56.113.53
546,Mycah,Ackwood,mackwoodf5@myspace.com,Male,6.40.236.65
547,Goldarina,Frost,gfrostf6@cbsnews.com,Female,141.47.187.228
548,Milt,Jaze,mjazef7@slashdot.org,Male,210.29.252.6
549,Dedie,Edward,dedwardf8@cdbaby.com,Female,83.232.229.61
550,Raddie,Danihelka,rdanihelkaf9@blogtalkradio.com,Male,195.173.108.83
551,Lauree,Coaten,lcoatenfa@phpbb.com,Female,118.192.57.123
552,Dunstan,Charon,dcharonfb@gov.uk,Male,183.18.222.196
553,Gates,Tather,gtatherfc@list-manage.com,Female,137.15.104.7
554,Ham,MacNab,hmacnabfd@miitbeian.gov.cn,Male,220.78.106.143
555,Harcourt,Behnecke,hbehneckefe@buzzfeed.com,Male,74.27.158.109
556,Diahann,Marfield,dmarfieldff@ox.ac.uk,Female,230.116.52.101
557,Nowell,Glancey,nglanceyfg@harvard.edu,Male,190.207.212.33
558,Madison,Batcock,mbatcockfh@newyorker.com,Male,94.162.228.36
559,Una,Downs,udownsfi@bravesites.com,Female,8.223.108.88
560,Frasier,Finnie,ffinniefj@auda.org.au,Male,56.125.162.202
561,Gennie,Breddy,gbreddyfk@cloudflare.com,Female,159.17.131.225
562,Kellyann,D'Alesio,kdalesiofl@newyorker.com,Female,31.240.181.66
563,Juditha,Yanson,jyansonfm@google.nl,Female,122.0.90.31
564,Howie,Shafto,hshaftofn@amazon.com,Male,84.102.40.206
565,Eleonore,Duffyn,eduffynfo@hp.com,Female,60.91.56.146
566,Errol,Conkling,econklingfp@latimes.com,Male,62.238.184.170
567,Kippy,Dyment,kdymentfq@dyndns.org,Female,32.40.175.17
568,Lalo,Dametti,ldamettifr@studiopress.com,Male,149.128.9.103
569,Sherwin,Cicerone,sciceronefs@a8.net,Male,71.95.145.7
570,Kiley,Emloch,kemlochft@samsung.com,Male,31.221.164.158
571,Arlen,Wisher,awisherfu@1und1.de,Female,9.63.86.98
572,Cicily,Demchen,cdemchenfv@youtu.be,Female,147.134.39.49
573,Sydelle,Miell,smiellfw@chronoengine.com,Female,245.17.93.92
574,Skipton,Crispin,scrispinfx@latimes.com,Male,97.72.11.184
575,Beale,Elsey,belseyfy@businessinsider.com,Male,39.156.101.69
576,Waly,Welburn,wwelburnfz@va.gov,Female,195.128.82.222
577,Karl,MacGibbon,kmacgibbong0@cloudflare.com,Male,97.199.50.27
578,Donnajean,Vergine,dvergineg1@wikispaces.com,Female,254.53.46.77
579,Bird,Augie,baugieg2@1688.com,Female,163.229.52.121
580,Godfry,Playfair,gplayfairg3@ucla.edu,Male,240.113.161.64
581,Kristopher,Novotne,knovotneg4@disqus.com,Male,85.212.36.180
582,Marcellina,Crumley,mcrumleyg5@360.cn,Female,170.144.173.156
583,Annaliese,Linning,alinningg6@home.pl,Female,167.14.82.10
584,Miquela,Plimmer,mplimmerg7@dion.ne.jp,Female,207.123.233.16
585,Rhys,Rookes,rrookesg8@nasa.gov,Male,218.119.4.206
586,Steffi,Rickett,srickettg9@lycos.com,Female,139.31.144.251
587,Reggy,Alwell,ralwellga@unesco.org,Male,116.155.24.200
588,Turner,Begley,tbegleygb@newsvine.com,Male,82.99.23.202
589,Stearne,Osgar,sosgargc@edublogs.org,Male,172.252.26.146
590,Dimitri,Elcott,delcottgd@statcounter.com,Male,123.113.243.157
591,Mirelle,Oke,mokege@delicious.com,Female,45.6.169.195
592,Valene,Shatliff,vshatliffgf@youtu.be,Female,139.201.230.33
593,Fowler,Luigi,fluigigg@uol.com.br,Male,48.32.132.76
594,Wald,Keat,wkeatgh@about.me,Male,23.153.218.146
595,Collen,Goolden,cgooldengi@4shared.com,Female,173.103.165.219
596,Tito,Cotterell,tcotterellgj@amazon.com,Male,109.193.255.40
597,Melinde,Kingswood,mkingswoodgk@printfriendly.com,Female,113.19.179.26
598,Nappie,Gowenlock,ngowenlockgl@eventbrite.com,Male,164.19.90.148
599,Llywellyn,Ruusa,lruusagm@nytimes.com,Male,103.94.42.30
600,Miof mela,Fildery,mfilderygn@auda.org.au,Female,163.78.17.142
601,Chaddie,Hutcheon,chutcheongo@spiegel.de,Male,142.25.74.116
602,Darcey,Lowdes,dlowdesgp@scribd.com,Female,23.207.129.71
603,Farica,Mance,fmancegq@amazonaws.com,Female,213.215.145.230
604,Lars,Guirardin,lguirardingr@dion.ne.jp,Male,43.14.78.239
605,Stevana,Santi,ssantigs@netscape.com,Female,166.23.24.34
606,Stavros,Gibbon,sgibbongt@harvard.edu,Male,72.79.13.247
607,Blake,Cinelli,bcinelligu@globo.com,Female,34.158.145.220
608,Cash,Ismail,cismailgv@multiply.com,Male,74.30.55.252
609,Geralda,Murcott,gmurcottgw@home.pl,Female,209.226.203.161
610,Staci,Trouel,strouelgx@nymag.com,Female,76.167.227.217
611,Selia,Hickeringill,shickeringillgy@abc.net.au,Female,217.71.2.209
612,Jeremiah,Ipgrave,jipgravegz@wp.com,Male,190.18.144.58
613,Violette,Storm,vstormh0@umn.edu,Female,169.166.19.90
614,Corny,Willcock,cwillcockh1@creativecommons.org,Male,182.32.72.36
615,Bobinette,Abbison,babbisonh2@woothemes.com,Female,147.253.188.213
616,Marc,Gymlett,mgymletth3@mapquest.com,Male,172.252.81.68
617,Luce,Howson,lhowsonh4@xrea.com,Male,154.118.118.200
618,Catlee,Croxley,ccroxleyh5@google.co.jp,Female,86.31.207.198
619,Alice,D'Arrigo,adarrigoh6@liveinternet.ru,Female,249.87.116.72
620,Alexandre,Craigs,acraigsh7@comcast.net,Male,25.26.252.6
621,Christoper,Ruggen,cruggenh8@trellian.com,Male,221.201.155.106
622,Renaud,Rance,rranceh9@dropbox.com,Male,59.86.52.35
623,Stefania,Abramcik,sabramcikha@cyberchimps.com,Female,195.94.108.179
624,Florenza,Saket,fsakethb@is.gd,Female,161.213.18.245
625,Idalina,Stollsteimer,istollsteimerhc@myspace.com,Female,54.96.37.67
626,Wes,Bateup,wbateuphd@reuters.com,Male,198.66.235.107
627,Ambrose,Filipyev,afilipyevhe@elpais.com,Male,33.130.197.242
628,Conny,Crowne,ccrownehf@dion.ne.jp,Female,17.28.20.168
629,Darrin,Brinkler,dbrinklerhg@list-manage.com,Male,106.145.127.252
630,Hollyanne,McDiarmid,hmcdiarmidhh@thetimes.co.uk,Female,30.119.91.158
631,Beaufort,Jore,bjorehi@state.gov,Male,85.236.40.75
632,Berna,De Bellis,bdebellishj@hc360.com,Female,219.75.141.139
633,Markos,Ilson,milsonhk@sfgate.com,Male,22.30.20.134
634,Marj,Pomfrey,mpomfreyhl@wikispaces.com,Female,188.2.139.30
635,Norby,Hamprecht,nhamprechthm@sciencedirect.com,Male,111.155.151.8
636,Christopher,Charopen,ccharopenhn@bbb.org,Male,2.225.118.3
637,Evelyn,Albasiny,ealbasinyho@slideshare.net,Female,162.107.144.177
638,Uriah,Waker,uwakerhp@ibm.com,Male,76.79.217.61
639,Alec,Pantling,apantlinghq@behance.net,Male,183.186.223.11
640,Marshal,Martineau,mmartineauhr@blogtalkradio.com,Male,32.6.183.63
641,Codi,Bentick,cbentickhs@ebay.com,Female,27.251.15.196
642,Urban,Honisch,uhonischht@telegraph.co.uk,Male,111.158.146.3
643,Leonora,Tinsey,ltinseyhu@trellian.com,Female,101.70.235.131
644,Michell,Gatley,mgatleyhv@sbwire.com,Female,79.26.242.217
645,Shawn,Huett,shuetthw@sourceforge.net,Female,71.102.15.78
646,Byrom,Lawey,blaweyhx@php.net,Male,186.100.6.212
647,Juliette,Tuxwell,jtuxwellhy@chronoengine.com,Female,0.160.87.37
648,Fredericka,Cory,fcoryhz@uiuc.edu,Female,40.151.150.201
649,Clarabelle,Laban,clabani0@biblegateway.com,Female,42.82.251.123
650,Turner,Manis,tmanisi1@shinystat.com,Male,167.152.172.81
651,Farra,Whysall,fwhysalli2@sina.com.cn,Female,238.158.135.224
652,Gale,Mayor,gmayori3@sakura.ne.jp,Female,118.79.64.127
653,Angelle,Theseira,atheseirai4@bbc.co.uk,Female,64.239.7.214
654,Fanni,Hastwall,fhastwalli5@alexa.com,Female,51.153.58.185
655,Wald,Mosen,wmoseni6@printfriendly.com,Male,63.239.90.0
656,Sephira,O' Neligan,soneligani7@yelp.com,Female,109.94.0.253
657,Lark,Serotsky,lserotskyi8@studiopress.com,Female,175.15.170.21
658,Hernando,Arr,harri9@paypal.com,Male,108.249.184.212
659,Kiri,Carlett,kcarlettia@skype.com,Female,205.148.124.3
660,Erie,Thunderchief,ethunderchiefib@vkontakte.ru,Male,239.122.124.223
661,Isidore,Fassam,ifassamic@mozilla.org,Male,178.143.27.73
662,Bert,Slite,bsliteid@nature.com,Male,253.33.217.96
663,Gerrie,Venard,gvenardie@xrea.com,Male,42.175.255.232
664,Stevie,Skilton,sskiltonif@liveinternet.ru,Male,55.161.180.37
665,Harmonie,Pawelec,hpawelecig@nifty.com,Female,151.127.75.84
666,Odelia,Croxford,ocroxfordih@trellian.com,Female,97.13.90.178
667,Isac,Tolomio,itolomioii@epa.gov,Male,157.144.229.151
668,Ware,Chedzoy,wchedzoyij@tripod.com,Male,138.141.115.75
669,Obadias,Geindre,ogeindreik@wikispaces.com,Male,205.136.124.37
670,Roldan,De la Yglesias,rdelayglesiasil@clickbank.net,Male,215.132.228.229
671,Geri,Oak,goakim@blog.com,Female,170.223.183.222
672,Wyndham,Blundon,wblundonin@clickbank.net,Male,26.190.142.238
673,Catarina,Barday,cbardayio@bandcamp.com,Female,224.135.192.41
674,Jaquelyn,Vanezis,jvanezisip@princeton.edu,Female,31.40.120.171
675,Jaquelyn,Lee,jleeiq@imageshack.us,Female,180.111.83.38
676,Dionysus,MacDonnell,dmacdonnellir@fda.gov,Male,214.249.168.79
677,Henderson,McCrohon,hmccrohonis@yahoo.co.jp,Male,246.134.140.102
678,Marni,Warret,mwarretit@phpbb.com,Female,124.87.36.9
679,Nona,Zorzin,nzorziniu@mtv.com,Female,75.33.105.75
680,Quinlan,Silman,qsilmaniv@wsj.com,Male,45.187.251.167
681,Lorettalorna,Skipper,lskipperiw@qq.com,Female,11.234.52.242
682,Brand,Dibley,bdibleyix@gmpg.org,Male,66.89.14.73
683,Moreen,Pashley,mpashleyiy@clickbank.net,Female,92.76.115.177
684,Clair,Gratten,cgratteniz@devhub.com,Male,129.251.95.85
685,Corney,Spon,csponj0@google.ru,Male,68.183.221.142
686,Brenda,Stark,bstarkj1@paypal.com,Female,156.50.97.237
687,Thatcher,Vaughn,tvaughnj2@usda.gov,Male,173.82.196.212
688,Roseanne,Govenlock,rgovenlockj3@si.edu,Female,222.115.235.6
689,Karel,Mixon,kmixonj4@vkontakte.ru,Male,86.105.247.75
690,Dannel,De la croix,ddelacroixj5@last.fm,Male,34.211.36.72
691,William,Cersey,wcerseyj6@sakura.ne.jp,Male,62.101.219.82
692,Belia,Persian,bpersianj7@hao123.com,Female,30.204.99.23
693,Betta,Clee,bcleej8@shinystat.com,Female,128.223.167.143
694,Cathrine,Miguel,cmiguelj9@illinois.edu,Female,226.93.156.200
695,Blaine,Gaunter,bgaunterja@pagesperso-orange.fr,Male,200.52.52.69
696,Raven,Kalinke,rkalinkejb@bing.com,Female,186.140.143.224
697,Reyna,Zuanazzi,rzuanazzijc@prnewswire.com,Female,97.68.66.4
698,Erl,MacMoyer,emacmoyerjd@vistaprint.com,Male,174.202.10.8
699,Alberik,Hibbart,ahibbartje@com.com,Male,28.83.209.14
700,Devin,Corsham,dcorshamjf@booking.com,Male,24.53.156.153
701,Prudy,Reagan,preaganjg@example.com,Female,114.152.41.49
702,Eden,Ricold,ericoldjh@weebly.com,Female,245.157.113.245
703,Noland,Daniau,ndaniauji@deliciousdays.com,Male,247.48.251.129
704,Jerad,Gapper,jgapperjj@wikia.com,Male,99.30.59.56
705,Matthiew,Lorek,mlorekjk@moonfruit.com,Male,243.22.214.2
706,Hershel,Groveham,hgrovehamjl@scribd.com,Male,42.127.67.127
707,Gloriane,Mickan,gmickanjm@jigsy.com,Female,3.177.20.44
708,Hadria,Hogben,hhogbenjn@washington.edu,Female,81.30.191.106
709,Sawyere,Fenning,sfenningjo@ovh.net,Male,94.182.183.12
710,Robenia,Cudiff,rcudiffjp@flickr.com,Female,7.121.57.225
711,Geneva,Nabarro,gnabarrojq@alexa.com,Female,44.91.163.246
712,Silas,Jell,sjelljr@epa.gov,Male,85.21.224.234
713,Dukie,Raikes,draikesjs@posterous.com,Male,177.223.228.191
714,Yehudi,Josefsen,yjosefsenjt@barnesandnoble.com,Male,85.178.242.54
715,Selina,Coleby,scolebyju@shinystat.com,Female,46.57.115.19
716,Darnell,Ghidelli,dghidellijv@plala.or.jp,Male,103.138.138.4
717,Abbie,Markwick,amarkwickjw@smh.com.au,Female,0.143.217.80
718,Jeremy,Margerrison,jmargerrisonjx@buzzfeed.com,Male,224.90.119.153
719,Tait,Grennan,tgrennanjy@free.fr,Male,247.174.159.247
720,Marci,Ellison,mellisonjz@google.de,Female,248.60.161.194
721,Lesya,Klessmann,lklessmannk0@about.com,Female,119.64.15.113
722,Wilow,Gilman,wgilmank1@rediff.com,Female,154.18.152.34
723,Allis,Sammes,asammesk2@wikia.com,Female,202.64.108.201
724,Dorrie,Borgnol,dborgnolk3@about.me,Female,134.143.113.217
725,Kalindi,Gosalvez,kgosalvezk4@wikispaces.com,Female,202.48.230.148
726,Cilka,Goldhawk,cgoldhawkk5@tinypic.com,Female,128.96.23.52
727,Bartel,Lawrenz,blawrenzk6@xrea.com,Male,132.159.176.200
728,Elisha,Gavozzi,egavozzik7@timesonline.co.uk,Male,1.230.76.68
729,Joly,Fishley,jfishleyk8@linkedin.com,Female,255.133.19.176
730,Adelice,Diament,adiamentk9@soundcloud.com,Female,67.146.181.146
731,Candace,Storks,cstorkska@360.cn,Female,54.84.168.66
732,Arden,Scarff,ascarffkb@skype.com,Female,153.176.221.217
733,Ansel,Woollett,awoollettkc@house.gov,Male,243.252.72.129
734,Emmy,Tiffin,etiffinkd@archive.org,Female,82.124.113.188
735,Ginger,Semrad,gsemradke@spiegel.de,Female,203.29.143.121
736,Rikki,Brugmann,rbrugmannkf@sphinn.com,Female,207.166.61.38
737,Rudy,Geddes,rgeddeskg@addthis.com,Male,168.23.39.123
738,Lorry,Foston,lfostonkh@dropbox.com,Female,63.96.99.173
739,Natalya,Curner,ncurnerki@jugem.jp,Female,108.34.202.80
740,Faythe,McCourtie,fmccourtiekj@cdbaby.com,Female,242.94.2.75
741,Doyle,Easterling,deasterlingkk@uiuc.edu,Male,128.184.170.70
742,Ulric,Wilsey,uwilseykl@google.com,Male,192.108.84.19
743,Peta,Kildahl,pkildahlkm@liveinternet.ru,Female,12.188.208.30
744,Base,Collisson,bcollissonkn@live.com,Male,54.249.90.182
745,Flinn,Grady,fgradyko@plala.or.jp,Male,88.26.3.60
746,Shantee,Lyness,slynesskp@youtu.be,Female,212.93.122.227
747,Crosby,Avison,cavisonkq@cdbaby.com,Male,12.89.239.143
748,Roddy,Praundl,rpraundlkr@bloglines.com,Male,26.18.189.107
749,Yance,Livezey,ylivezeyks@seesaa.net,Male,141.173.163.105
750,Cherye,Saltman,csaltmankt@baidu.com,Female,214.131.247.227
751,Fredelia,Tillman,ftillmanku@networksolutions.com,Female,167.12.62.182
752,Horatius,Marcus,hmarcuskv@ca.gov,Male,176.255.130.60
753,Miran,Scrauniage,mscrauniagekw@indiegogo.com,Female,41.204.135.137
754,Zack,Fairbrass,zfairbrasskx@php.net,Male,205.86.205.182
755,Chaim,Matson,cmatsonky@goo.gl,Male,104.207.18.184
756,Bondy,Simka,bsimkakz@merriam-webster.com,Male,227.38.122.76
757,Eugine,Errey,eerreyl0@51.la,Female,189.119.213.130
758,Tye,Ivanenko,tivanenkol1@samsung.com,Male,18.202.28.34
759,Bengt,Yurikov,byurikovl2@reverbnation.com,Male,126.202.153.203
760,Beulah,Turneux,bturneuxl3@cnbc.com,Female,1.58.107.213
761,Dulcinea,Jansie,djansiel4@dailymotion.com,Female,115.54.59.108
762,Monroe,Peppin,mpeppinl5@github.com,Male,106.213.82.235
763,Benito,Poutress,bpoutressl6@domainmarket.com,Male,223.15.117.83
764,Dennis,Greenstead,dgreensteadl7@dell.com,Male,118.46.110.228
765,Celine,Watt,cwattl8@boston.com,Female,126.18.178.113
766,Brandie,Delacourt,bdelacourtl9@google.it,Female,70.124.91.227
767,Hulda,Wroath,hwroathla@typepad.com,Female,231.50.94.160
768,Forest,Manley,fmanleylb@rediff.com,Male,244.246.52.204
769,Gabe,Bruniges,gbrunigeslc@issuu.com,Male,187.54.214.168
770,Bethany,Oda,bodald@tamu.edu,Female,32.132.25.85
771,Tasia,Klazenga,tklazengale@altervista.org,Female,37.220.145.234
772,Bari,Limpricht,blimprichtlf@behance.net,Female,147.114.85.197
773,Nanni,Seefeldt,nseefeldtlg@guardian.co.uk,Female,153.77.7.162
774,Roosevelt,Harlett,rharlettlh@go.com,Male,10.226.246.245
775,Ezmeralda,Lacroux,elacrouxli@cnbc.com,Female,123.193.196.61
776,Hammad,Geard,hgeardlj@google.es,Male,42.161.35.183
777,Maury,Morde,mmordelk@tiny.cc,Male,105.1.30.62
778,Lazare,Lornsen,llornsenll@soup.io,Male,102.95.66.226
779,Happy,Overell,hoverelllm@creativecommons.org,Female,240.113.156.37
780,Gradey,Willison,gwillisonln@mac.com,Male,4.73.17.206
781,Fannie,Polino,fpolinolo@360.cn,Female,67.25.140.151
782,Druci,Linzee,dlinzeelp@utexas.edu,Female,21.145.33.29
783,Ivie,Cadamy,icadamylq@apache.org,Female,96.165.91.164
784,Susan,Scholler,sschollerlr@joomla.org,Female,80.33.216.15
785,Hollie,Johananov,hjohananovls@adobe.com,Female,197.46.221.159
786,Alvy,Yeiles,ayeileslt@ezinearticles.com,Male,6.155.70.138
787,Will,Bus,wbuslu@microsoft.com,Male,106.225.183.143
788,Tony,O'Cahsedy,tocahsedylv@nydailynews.com,Male,86.85.240.206
789,Meta,Niezen,mniezenlw@tinyurl.com,Female,146.33.112.27
790,Thibaut,Alessandrini,talessandrinilx@techcrunch.com,Male,195.117.233.23
791,Delora,Whittek,dwhittekly@fastcompany.com,Female,35.249.157.225
792,Loutitia,Satteford,lsattefordlz@tinypic.com,Female,71.40.89.43
793,Ben,Cordel,bcordelm0@yelp.com,Male,217.215.121.244
794,Nev,Doyle,ndoylem1@nymag.com,Male,68.3.10.194
795,Jermaine,Petrollo,jpetrollom2@census.gov,Male,220.173.64.215
796,Don,Agdahl,dagdahlm3@mapquest.com,Male,173.177.164.232
797,Mair,Mauser,mmauserm4@1und1.de,Female,194.33.65.134
798,Christopher,Causnett,ccausnettm5@a8.net,Male,7.165.218.238
799,Anthia,Mayes,amayesm6@sun.com,Female,206.59.11.107
800,Ryun,Shitliff,rshitliffm7@phpbb.com,Male,249.251.5.59
801,Nessa,Frederick,nfrederickm8@indiatimes.com,Female,129.114.217.236
802,Sherwynd,Pengelly,spengellym9@free.fr,Male,222.153.192.112
803,Shelley,Relton,sreltonma@accuweather.com,Male,223.143.17.46
804,Ben,Posner,bposnermb@usatoday.com,Male,86.73.173.11
805,Darren,Clarson,dclarsonmc@purevolume.com,Male,18.160.138.158
806,Dominica,Dellenbrok,ddellenbrokmd@liveinternet.ru,Female,116.148.138.117
807,Zeb,Lavrick,zlavrickme@nydailynews.com,Male,249.201.78.106
808,Rachel,McDiarmid,rmcdiarmidmf@shutterfly.com,Female,39.138.244.222
809,Susannah,Leatham,sleathammg@paginegialle.it,Female,200.190.80.7
810,Delainey,Hearns,dhearnsmh@abc.net.au,Male,197.190.202.62
811,Rosco,Cazin,rcazinmi@oakley.com,Male,160.213.124.248
812,Kristian,Bayne,kbaynemj@google.com.br,Male,150.212.93.131
813,Keir,Heimann,kheimannmk@ox.ac.uk,Male,212.249.147.187
814,Diane-marie,Dabes,ddabesml@ovh.net,Female,97.249.55.183
815,Madge,Inglish,minglishmm@vk.com,Female,234.105.230.40
816,Iormina,Gidman,igidmanmn@newyorker.com,Female,147.131.211.231
817,Heriberto,Wike,hwikemo@wikia.com,Male,134.202.217.3
818,Abrahan,Haizelden,ahaizeldenmp@qq.com,Male,221.235.120.45
819,Cathrin,Goward,cgowardmq@xrea.com,Female,111.36.1.23
820,Maudie,O'Neill,moneillmr@disqus.com,Female,72.218.168.129
821,Roseline,Leake,rleakems@macromedia.com,Female,8.67.205.248
822,Franchot,Sidebotham,fsidebothammt@posterous.com,Male,24.111.160.87
823,Brunhilda,Rushforth,brushforthmu@statcounter.com,Female,147.166.20.120
824,Alley,Di Biaggi,adibiaggimv@cafepress.com,Male,65.171.130.13
825,Gerald,Delmage,gdelmagemw@nsw.gov.au,Male,179.4.155.40
826,Ari,Sickling,asicklingmx@amazon.de,Male,58.240.50.22
827,Catharina,Prattin,cprattinmy@reference.com,Female,60.148.251.254
828,Obediah,Wraight,owraightmz@booking.com,Male,28.196.204.250
829,Misha,Henrych,mhenrychn0@wikia.com,Female,84.133.212.62
830,Darlleen,Iorizzi,diorizzin1@dedecms.com,Female,64.147.60.105
831,Fannie,Dubose,fdubosen2@storify.com,Female,74.183.247.96
832,Tarah,Hutson,thutsonn3@pinterest.com,Female,216.214.23.58
833,Phillipp,Pestell,ppestelln4@fotki.com,Male,247.22.252.133
834,Leah,Clifforth,lclifforthn5@oakley.com,Female,116.104.68.110
835,Abbie,Laity,alaityn6@vinaora.com,Male,80.136.137.206
836,Montague,Loidl,mloidln7@apache.org,Male,17.170.80.215
837,Lionello,De Cruce,ldecrucen8@hubpages.com,Male,214.176.37.246
838,Linnet,Asquith,lasquithn9@dagondesign.com,Female,247.65.234.223
839,Kort,Chesshire,kchesshirena@wordpress.org,Male,45.41.90.81
840,Muffin,Fortin,mfortinnb@google.fr,Male,117.44.155.204
841,Friederike,Budcock,fbudcocknc@fda.gov,Female,242.191.57.55
842,Cletis,Ballance,cballancend@senate.gov,Male,166.111.90.134
843,Elvyn,Nutting,enuttingne@friendfeed.com,Male,248.214.205.149
844,Chelsae,Bovingdon,cbovingdonnf@google.es,Female,190.110.21.104
845,Findley,Liggons,fliggonsng@nhs.uk,Male,125.115.158.90
846,Charlotta,Stockell,cstockellnh@webnode.com,Female,72.97.158.192
847,Bertine,Meneghelli,bmeneghellini@sina.com.cn,Female,74.51.56.117
848,Pebrook,Vain,pvainnj@list-manage.com,Male,192.52.45.80
849,Sacha,Goodswen,sgoodswennk@live.com,Female,251.140.56.246
850,Rubin,Morston,rmorstonnl@myspace.com,Male,12.127.229.160
851,Filberte,Meeus,fmeeusnm@ovh.net,Male,178.233.215.111
852,Francine,Kydd,fkyddnn@arizona.edu,Female,62.132.23.44
853,Minette,Colebeck,mcolebeckno@pbs.org,Female,202.155.33.36
854,Carolyn,Sweating,csweatingnp@reuters.com,Female,48.199.136.185
855,Jenn,Eivers,jeiversnq@slate.com,Female,40.114.158.28
856,Taber,Longthorn,tlongthornnr@eventbrite.com,Male,231.155.209.183
857,Sal,MacDuffie,smacduffiens@irs.gov,Male,53.133.53.240
858,Liana,Booley,lbooleynt@harvard.edu,Female,238.82.158.85
859,Marquita,Molder,mmoldernu@fema.gov,Female,217.108.72.122
860,Lorianna,Benjafield,lbenjafieldnv@spiegel.de,Female,228.173.178.233
861,Kathryn,Shinn,kshinnnw@msn.com,Female,106.105.231.229
862,Chloe,Curnow,ccurnownx@geocities.com,Female,140.143.27.19
863,Grier,Lory,gloryny@4shared.com,Female,254.87.68.28
864,Gerald,Darragh,gdarraghnz@globo.com,Male,88.43.229.26
865,Saunderson,Very,sveryo0@freewebs.com,Male,146.247.185.79
866,Isabelle,Brecon,ibrecono1@feedburner.com,Female,149.188.65.149
867,Jilly,Forge,jforgeo2@ameblo.jp,Female,127.240.56.245
868,Riccardo,Walsham,rwalshamo3@wikia.com,Male,234.250.28.204
869,Del,Tukely,dtukelyo4@imdb.com,Male,130.128.235.202
870,Haroun,Bagley,hbagleyo5@comsenz.com,Male,154.97.103.160
871,Randal,Spradbery,rspradberyo6@psu.edu,Male,234.86.117.107
872,Bobbie,Callum,bcallumo7@hubpages.com,Male,93.87.119.246
873,Raffaello,Deveril,rdeverilo8@dailymail.co.uk,Male,202.170.234.157
874,Benoit,Jacqueminot,bjacqueminoto9@bizjournals.com,Male,95.173.141.206
875,Clareta,Garman,cgarmanoa@ebay.co.uk,Female,57.232.38.195
876,Iorgos,Kirwin,ikirwinob@cbsnews.com,Male,231.20.71.92
877,Carmita,Yashnov,cyashnovoc@github.com,Female,42.6.120.225
878,Eben,Grocott,egrocottod@amazonaws.com,Male,104.20.219.125
879,Steward,Passo,spassooe@google.de,Male,35.94.88.98
880,Verney,Asipenko,vasipenkoof@ucsd.edu,Male,68.150.157.152
881,Ynes,Dyerson,ydyersonog@bizjournals.com,Female,62.3.238.26
882,Ynes,Cuesta,ycuestaoh@sina.com.cn,Female,209.81.63.197
883,Leland,Marchelli,lmarchellioi@dyndns.org,Male,147.217.6.33
884,Lyndsey,Gripton,lgriptonoj@last.fm,Female,223.222.208.172
885,Frankie,Lindblom,flindblomok@last.fm,Male,235.12.254.86
886,Deb,Fanthom,dfanthomol@elegantthemes.com,Female,228.46.102.220
887,Sebastian,Jedrzejczyk,sjedrzejczykom@engadget.com,Male,22.29.189.61
888,Galven,Claasen,gclaasenon@sakura.ne.jp,Male,3.111.86.170
889,Kellen,Horsell,khorselloo@java.com,Male,52.171.124.219
890,Heywood,Purches,hpurchesop@craigslist.org,Male,64.43.63.68
891,Lila,Keming,lkemingoq@spotify.com,Female,79.57.42.170
892,Kissie,Jindrak,kjindrakor@squarespace.com,Female,18.174.14.34
893,Matelda,Beuscher,mbeuscheros@ucla.edu,Female,93.141.59.87
894,Jeremy,Brereton,jbreretonot@mayoclinic.com,Male,136.187.163.68
895,Lu,Grinsdale,lgrinsdaleou@1688.com,Female,79.245.8.161
896,Chrissy,Turri,cturriov@themeforest.net,Male,215.31.212.163
897,Amber,Adamowicz,aadamowiczow@businessweek.com,Female,31.32.3.44
898,Gabbie,Depper,gdepperox@va.gov,Female,184.90.241.170
899,Aigneis,Gerram,agerramoy@tumblr.com,Female,98.79.122.54
900,Sam,Funnell,sfunnelloz@skype.com,Female,246.173.5.118
901,Emilee,Comini,ecominip0@ehow.com,Female,24.167.128.45
902,Mufi,Cancott,mcancottp1@webmd.com,Female,240.138.235.162
903,Adeline,Kumaar,akumaarp2@goo.gl,Female,163.108.43.30
904,Laurent,Maudling,lmaudlingp3@theguardian.com,Male,36.176.208.16
905,Aubert,Moquin,amoquinp4@youtube.com,Male,221.17.87.240
906,Riccardo,Ceaser,rceaserp5@acquirethisname.com,Male,33.162.157.159
907,Dar,Wrangle,dwranglep6@webnode.com,Male,187.149.109.251
908,Irma,Chaney,ichaneyp7@ustream.tv,Female,44.155.8.163
909,Tod,Reddy,treddyp8@aboutads.info,Male,33.186.164.118
910,Stavro,Dragge,sdraggep9@wiley.com,Male,235.38.1.91
911,Maitilde,Roche,mrochepa@clickbank.net,Female,241.16.128.195
912,Farica,Motten,fmottenpb@oaic.gov.au,Female,93.213.140.164
913,Stanton,Kehir,skehirpc@woothemes.com,Male,152.99.233.59
914,Kerianne,Esgate,kesgatepd@webmd.com,Female,36.12.212.125
915,Logan,O'Henehan,lohenehanpe@netvibes.com,Male,189.29.246.112
916,Margot,Copcott,mcopcottpf@wikispaces.com,Female,224.248.10.197
917,Luciana,Savaage,lsavaagepg@npr.org,Female,88.253.20.133
918,Doralin,Knowlden,dknowldenph@cyberchimps.com,Female,238.168.147.154
919,Horacio,Dorant,hdorantpi@vinaora.com,Male,49.76.42.176
920,Eugenie,Libbis,elibbispj@theglobeandmail.com,Female,110.150.50.50
921,Nate,Conneau,nconneaupk@apache.org,Male,178.71.191.231
922,Ertha,Kalkofer,ekalkoferpl@wikia.com,Female,150.9.9.231
923,Beale,Bolzen,bbolzenpm@squidoo.com,Male,150.107.235.219
924,Bendix,McGeachey,bmcgeacheypn@gravatar.com,Male,11.152.11.46
925,Lona,Danilenko,ldanilenkopo@dedecms.com,Female,212.150.211.229
926,Reidar,Garstan,rgarstanpp@yolasite.com,Male,255.40.224.10
927,Skyler,Bothen,sbothenpq@skyrock.com,Male,26.221.217.23
928,Bruno,Rentoll,brentollpr@va.gov,Male,120.165.120.39
929,Robbin,Francescuzzi,rfrancescuzzips@businessinsider.com,Female,31.65.94.196
930,Erena,McHarry,emcharrypt@naver.com,Female,58.45.36.178
931,Sholom,Geffe,sgeffepu@google.co.uk,Male,31.2.76.160
932,Dodi,Storek,dstorekpv@cnbc.com,Female,55.143.30.142
933,Genna,Cheales,gchealespw@dyndns.org,Female,87.13.95.22
934,Flinn,Rushman,frushmanpx@biglobe.ne.jp,Male,3.32.190.138
935,Miquela,Brede,mbredepy@topsy.com,Female,44.34.101.201
936,Pippy,Crosdill,pcrosdillpz@bloglovin.com,Female,239.46.156.56
937,Trey,Beetham,tbeethamq0@ameblo.jp,Male,71.99.10.171
938,Corissa,Chippindale,cchippindaleq1@bbc.co.uk,Female,103.67.159.71
939,Vyky,Stitwell,vstitwellq2@1und1.de,Female,103.38.166.241
940,Yoshi,Poulter,ypoulterq3@multiply.com,Female,18.102.94.223
941,Nannie,Yelden,nyeldenq4@hexun.com,Female,228.24.232.152
942,Tarra,Danzig,tdanzigq5@usa.gov,Female,179.230.211.39
943,Candra,Chatell,cchatellq6@hatena.ne.jp,Female,158.40.71.216
944,Joachim,Wyre,jwyreq7@chronoengine.com,Male,116.202.181.159
945,Halie,MacKeague,hmackeagueq8@accuweather.com,Female,243.43.244.56
946,Valli,Wolverson,vwolversonq9@prnewswire.com,Female,248.144.193.83
947,Alvin,Karczinski,akarczinskiqa@mapquest.com,Male,245.117.15.28
948,Jacklyn,Melliard,jmelliardqb@microsoft.com,Female,122.167.164.166
949,Michale,McGreary,mmcgrearyqc@soundcloud.com,Male,10.202.13.128
950,Deane,Kupke,dkupkeqd@hexun.com,Male,22.85.95.158
951,Tracie,Hintzer,thintzerqe@blog.com,Male,171.116.199.76
952,Rolfe,Winsome,rwinsomeqf@state.tx.us,Male,52.99.76.193
953,Thatcher,Pointing,tpointingqg@quantcast.com,Male,59.245.175.63
954,Allegra,Anelay,aanelayqh@stumbleupon.com,Female,146.8.160.117
955,Spence,Van Weedenburg,svanweedenburgqi@cbslocal.com,Male,86.217.164.172
956,Elliot,Caron,ecaronqj@mlb.com,Male,127.162.234.26
957,Anne-corinne,Turneaux,aturneauxqk@dion.ne.jp,Female,54.108.229.64
958,Kinna,Silverston,ksilverstonql@domainmarket.com,Female,135.147.147.220
959,Milicent,Camillo,mcamilloqm@quantcast.com,Female,42.181.118.25
960,Malachi,Waggitt,mwaggittqn@vimeo.com,Male,207.77.35.74
961,Gardner,Ivanchov,givanchovqo@cdbaby.com,Male,65.107.114.106
962,Peg,Kingsnod,pkingsnodqp@squarespace.com,Female,138.163.246.23
963,Obed,Greenshiels,ogreenshielsqq@ucoz.ru,Male,149.91.171.247
964,Dennison,Geertje,dgeertjeqr@spotify.com,Male,163.28.205.217
965,Harman,Kingsland,hkingslandqs@tinypic.com,Male,7.170.63.173
966,Reese,Aldersley,raldersleyqt@sbwire.com,Male,199.53.113.60
967,Brodie,Newe,bnewequ@xinhuanet.com,Male,240.157.235.22
968,Umeko,Ovid,uovidqv@rambler.ru,Female,94.206.255.62
969,Florella,Cleever,fcleeverqw@xrea.com,Female,200.49.192.230
970,Gaylor,Pittson,gpittsonqx@fc2.com,Male,251.140.99.208
971,Emile,Roderighi,eroderighiqy@usa.gov,Male,232.57.172.154
972,Arte,Ibbett,aibbettqz@webmd.com,Male,121.237.93.4
973,Dory,Myhan,dmyhanr0@google.co.jp,Male,88.50.133.37
974,Merv,Iacovolo,miacovolor1@nationalgeographic.com,Male,210.190.254.24
975,Alford,Kayser,akayserr2@fda.gov,Male,5.178.1.83
976,Leland,Kenworthey,lkenwortheyr3@51.la,Female,171.206.177.82
977,Dewey,Ruddle,druddler4@google.pl,Male,161.35.178.90
978,Dun,Carsberg,dcarsbergr5@msn.com,Male,119.85.201.117
979,Nevile,Eckford,neckfordr6@dmoz.org,Male,251.152.228.5
980,Roderich,Kelway,rkelwayr7@angelfire.com,Male,59.214.141.249
981,Domini,Colnet,dcolnetr8@smugmug.com,Female,201.96.81.117
982,Fey,Edess,fedessr9@blogspot.com,Female,176.45.172.87
983,Maryjane,Willoughley,mwilloughleyra@homestead.com,Female,101.130.55.33
984,Hagen,Lyptrade,hlyptraderb@prweb.com,Male,235.240.99.81
985,Marianna,Rutt,mruttrc@state.tx.us,Female,111.176.73.108
986,Cristal,Tabram,ctabramrd@wsj.com,Female,238.165.159.78
987,Gordon,Grason,ggrasonre@huffingtonpost.com,Male,220.114.122.74
988,Caleb,Assiratti,cassirattirf@unc.edu,Male,175.250.197.53
989,Ailis,Larratt,alarrattrg@eventbrite.com,Female,166.109.8.118
990,Marj,Hadland,mhadlandrh@hhs.gov,Female,95.151.234.71
991,Reynard,Filippov,rfilippovri@soup.io,Male,187.70.252.238
992,Gussie,Dudley,gdudleyrj@squidoo.com,Female,6.21.126.27
993,Vlad,Fautly,vfautlyrk@google.co.uk,Male,122.28.37.70
994,Carmencita,Standeven,cstandevenrl@go.com,Female,195.31.30.99
995,Lilyan,Ascraft,lascraftrm@bloomberg.com,Female,47.133.50.72
996,Eve,Rylatt,erylattrn@cbslocal.com,Female,135.117.27.212
997,Dillie,McGenn,dmcgennro@godaddy.com,Male,241.36.49.167
998,Herculie,Borg,hborgrp@pcworld.com,Male,136.212.218.139
999,Serena,Potapczuk,spotapczukrq@zdnet.com,Female,78.132.14.105
1000,Broddy,Lejeune,blejeunerr@cargocollective.com,Male,25.49.163.28
